{
  "author": "Rafael Rigues",
  "body": "Tecnologia está sendo usada no design de partes dos trajes que serão usados em futuras missões tripuladas à Lua, como parte do programa Artemis. A Nasa está usando inteligência artificial para auxiliar no design de sua nova geração de trajes espaciais. Batizados de Extravehicular Mobility Unit (Unidade de Mobilidade Extraveicular, xEMU), eles são o primeiro redesenho do equipamento em quase 40 anos, e serão usados nas futuras missões tripuladas à Lua no Programa Artemis. A IA está sendo usada para projetar partes do  sistema portátil de suporte à vida , a  mochila  que os astronautas carregam nas costas, que regula sua temperatura corporal, fornece energia e abriga o sistema de comunicação do traje.Como este é o primeiro uso da tecnologia, por enquanto ela não está sendo usada em sistemas críticos.  Ainda estamos no início de um programa piloto, então não estamos usando ela em nada que possa causar uma falha catastrófica , diz Sean Miller, engenheiro mecânico da Nasa. Em vez disso, ela está sendo usada para projetar braçadeiras e suportes que irão sustentar os sistemas que mantém os astronautas vivos. Pode não ser um trabalho glamouroso, mas graças à IA a Nasa conseguiu reduzir o peso de alguns componentes em até 50%. O xEMU é o traje que será usado nas missões do programa Artemis, que pretende levar uma mulher à Lua. Foto: Loren Grush - The Verge.  Quando a Nasa define os requisitos para um sistema de pouso tripulado, ela aloca um certo peso para cada componente imaginável, que temos que respeitar , diz Miller.  Então, qualquer lugar onde possamos economizar mesmo um décimo de grama nos ajuda a chegar mais perto do limite de peso da missão . Segundo Jesse Coors-Blankenship, Vice-Presidente de Tecnologia da PTC, empresa que desenvolveu o software usado pela Nasa,  consideramos a IA como uma tecnologia que pode fazer algo mais rápido e melhor do que um humano treinado pode fazer. Algumas das tecnologias são coisas com as quais os engenheiros já estão acostumados, como simulação e otimização estrutural. Mas com a IA, podemos fazer isso mais rapidamente . O software da PTC combina abordagens como redes generativas adversariais e algoritmos genéticos. Na primeira dois algoritmos  competem  na criação de um componente, e o melhor resultado é usado como base para uma geração seguinte, sucessivamente até que o objetivo desejado seja atingido. Já os algoritmos genéticos reproduzem a seleção natural. Eles produzem vários designs, combinam suas melhores características, analisam os resultados e repetem o processo. Segundo Jesse Craft, engenheiro sênior da Jacobs, empresa do Texas que foi contratada pela Nasa para auxiliar no projeto do xEMU,  o processo iterativo das máquinas é 100 ou 1.000 vezes mais rápido do que poderíamos fazer sozinhos, e o resultado é uma solução que é idealmente otimizada para nossos requisitos .",
  "title": "Inteligência artificial ajuda a Nasa a projetar novos trajes espaciais",
  "type": "article",
  "url": "https://olhardigital.com.br/ciencia-e-espaco/noticia/inteligencia-artificial-ajuda-a-nasa-a-projetar-novos-trajes-espaciais/102772"
}