{"metadata":{"asset_id":"7af33163-c97b-47d4-9203-a924b2d6440a","asset_attributes":["data_asset"],"name":"dataset_desafio_2.csv","asset_type":"data_asset","created_at":"2020-08-17T19:05:24Z","description":"","origin_country":"us","owner_id":"IBMid-550008EED5","project_id":"906c9781-784d-4c7d-8802-bdb6c5fd4cd8","size":1520235,"tags":[],"usage":{"last_update_time":1597691125697,"last_updated_at":"2020-08-17T19:05:25Z"}},"entity":{"data_asset":{"mime_type":"text/csv","dataset":false}},"attachments":[{"id":"1a8f0c4e-4b89-419a-85b4-c9542d5c0167","version":2,"asset_type":"data_asset","name":"dataset_desafio_2.csv","mime":"text/csv","datasource_type":"193a97c1-4475-4a19-b90c-295c4fdc6517","object_key":"dataset_desafio_2.csv","creator_id":"iam-ServiceId-f49c5558-c247-4983-a04f-7d3c7a3d55da","create_time":1597691125474,"size":1520235,"is_remote":false,"is_managed":false,"is_referenced":true,"is_object_key_read_only":false,"is_user_provided_path_key":true,"transfer_complete":true,"is_partitioned":false,"complete_time_ticks":1597691125474,"user_data":{},"test_doc":0,"handle":{"bucket":"projetouninassau1-donotdelete-pr-bhxhiuenjk7uh2","location":"us-geo","key":"dataset_desafio_2.csv","upload_id":"done","max_part_num":1},"usage":{"access_count":0,"last_accessor_id":"iam-ServiceId-f49c5558-c247-4983-a04f-7d3c7a3d55da","last_access_time":1597691125474}}]}
