{"metadata":{"asset_id":"2448f1e4-6529-4799-aba1-f3da0d27c38d","asset_attributes":["notebook"],"name":"parte-2","asset_type":"notebook","created_at":"2020-08-17T19:05:25Z","description":"","origin_country":"us","owner_id":"IBMid-550008EED5","project_id":"906c9781-784d-4c7d-8802-bdb6c5fd4cd8","size":24880,"tags":["notebook"],"usage":{"last_update_time":1597927801373,"last_updated_at":"2020-08-20T12:50:01Z"}},"entity":{"notebook":{"kernel":{"name":"python3","display_name":"Python 3.6","language":"python"},"originates_from":{"type":"file"},"runtime":{"environment":"conda2py36-906c9781-784d-4c7d-8802-bdb6c5fd4cd8"}}},"attachments":[{"id":"50c00987-5026-455c-986b-39d843c54c47","version":2,"asset_type":"notebook","name":"attachment for notebook 2448f1e4-6529-4799-aba1-f3da0d27c38d","description":"attachment for notebook 2448f1e4-6529-4799-aba1-f3da0d27c38d","mime":"application/json","datasource_type":"193a97c1-4475-4a19-b90c-295c4fdc6517","object_key":"notebook/parte-2_XvWXXx6YQ.ipynb","creator_id":"iam-ServiceId-9e68bc5f-c5f6-4f6f-8bcf-e57f47b9d1b1","create_time":1597691126824,"size":24880,"is_remote":false,"is_managed":false,"is_referenced":true,"is_object_key_read_only":false,"is_user_provided_path_key":true,"transfer_complete":true,"is_partitioned":false,"complete_time_ticks":1597691126824,"user_data":{},"test_doc":0,"handle":{"bucket":"projetouninassau1-donotdelete-pr-bhxhiuenjk7uh2","location":"us-geo","key":"notebook/parte-2_XvWXXx6YQ.ipynb","upload_id":"done","max_part_num":1},"usage":{"access_count":0,"last_accessor_id":"iam-ServiceId-9e68bc5f-c5f6-4f6f-8bcf-e57f47b9d1b1","last_access_time":1597691126824}}]}
