{"metadata":{"asset_id":"7417650b-209f-4153-a388-d34ffeb1fc2f","asset_attributes":["notebook"],"name":"parte-1","asset_type":"notebook","created_at":"2020-08-17T19:05:26Z","description":"","origin_country":"us","owner_id":"IBMid-550008EED5","project_id":"906c9781-784d-4c7d-8802-bdb6c5fd4cd8","size":24680,"tags":["notebook"],"usage":{"last_update_time":1597695056890,"last_updated_at":"2020-08-17T20:10:56Z"}},"entity":{"notebook":{"kernel":{"name":"python3","display_name":"Python 3.6","language":"python"},"originates_from":{"type":"file"},"runtime":{"environment":"conda2py36-906c9781-784d-4c7d-8802-bdb6c5fd4cd8"}}},"attachments":[{"id":"99399e31-e855-49d7-8dbc-ea1af2ef1639","version":2,"asset_type":"notebook","name":"attachment for notebook 7417650b-209f-4153-a388-d34ffeb1fc2f","description":"attachment for notebook 7417650b-209f-4153-a388-d34ffeb1fc2f","mime":"application/json","datasource_type":"193a97c1-4475-4a19-b90c-295c4fdc6517","object_key":"notebook/parte-1_XTm42MgVg.ipynb","creator_id":"iam-ServiceId-9e68bc5f-c5f6-4f6f-8bcf-e57f47b9d1b1","create_time":1597691127451,"size":24680,"is_remote":false,"is_managed":false,"is_referenced":true,"is_object_key_read_only":false,"is_user_provided_path_key":true,"transfer_complete":true,"is_partitioned":false,"complete_time_ticks":1597691127451,"user_data":{},"test_doc":0,"handle":{"bucket":"projetouninassau1-donotdelete-pr-bhxhiuenjk7uh2","location":"us-geo","key":"notebook/parte-1_XTm42MgVg.ipynb","upload_id":"done","max_part_num":1},"usage":{"access_count":0,"last_accessor_id":"iam-ServiceId-9e68bc5f-c5f6-4f6f-8bcf-e57f47b9d1b1","last_access_time":1597691127451}}]}
